                  epoch,         train/box_loss,        train/pose_loss,        train/kobj_loss,         train/cls_loss,         train/dfl_loss,   metrics/precision(B),      metrics/recall(B),       metrics/mAP50(B),    metrics/mAP50-95(B),   metrics/precision(P),      metrics/recall(P),       metrics/mAP50(P),    metrics/mAP50-95(P),           val/box_loss,          val/pose_loss,          val/kobj_loss,           val/cls_loss,           val/dfl_loss,                 lr/pg0,                 lr/pg1,                 lr/pg2
                      1,                 1.4976,                0.06622,                0.25595,                 1.2684,                 1.5558,                0.86696,                0.92187,                0.93779,                0.49737,                0.88367,                0.92637,                0.95241,                0.95173,                  1.418,                0.03901,                 0.0016,                 1.9333,                 1.4291,               0.070114,              0.0033207,              0.0033207
                      2,                 1.3831,                0.04964,                0.19516,                0.95899,                 1.4646,                0.93885,                 0.9736,                0.98999,                  0.461,                0.93885,                 0.9736,                0.98999,                0.98999,                 1.6498,                0.06004,                0.00361,                0.93741,                 1.5375,                0.04007,              0.0066101,              0.0066101
                      3,                 1.2855,                0.04434,                0.13684,                0.84087,                 1.4039,                0.98414,                0.99024,                0.99441,                0.61241,                0.98414,                0.99024,                0.99441,                0.99441,                 1.2668,                0.01944,                0.00636,                0.76026,                  1.301,              0.0099818,              0.0098555,              0.0098555
                      4,                  1.253,                0.03626,                0.14055,                0.78331,                 1.3958,                0.97567,                0.93659,                0.98827,                0.63629,                0.97996,                0.94146,                0.98994,                0.98994,                   1.26,                0.01738,                  0.004,                0.85993,                 1.2785,               0.009802,               0.009802,               0.009802
                      5,                 1.1651,                0.03449,                0.11897,                0.72692,                 1.3225,                0.99512,                0.99508,                  0.995,                0.60074,                0.99512,                0.99508,                  0.995,                  0.995,                 1.4878,                0.01793,                0.00103,                 0.7618,                  1.379,               0.009736,               0.009736,               0.009736
                      6,                 1.1151,                0.03304,                 0.1225,                0.69409,                 1.2718,                0.99999,                      1,                  0.995,                0.58644,                0.99999,                      1,                  0.995,                  0.995,                 1.5082,                0.02342,                0.00419,                0.67306,                 1.4112,                0.00967,                0.00967,                0.00967
                      7,                 1.0979,                0.02748,                0.10379,                 0.6523,                 1.2872,                 0.9807,                0.99173,                0.99446,                0.66032,                 0.9807,                0.99173,                0.99446,                0.99446,                 1.1986,                0.01871,                0.00066,                0.55975,                 1.1908,               0.009604,               0.009604,               0.009604
                      8,                 1.0664,                0.02831,                0.10444,                0.61841,                 1.2535,                0.99514,                0.99792,                 0.9949,                0.62536,                0.99514,                0.99792,                 0.9949,                 0.9949,                 1.3528,                0.01586,                0.00225,                0.55276,                  1.286,               0.009538,               0.009538,               0.009538
                      9,                 1.0548,                0.02887,                0.11241,                0.61728,                 1.2505,                0.98556,                0.99852,                0.98389,                 0.7026,                0.98556,                0.99852,                0.98389,                0.98389,                 1.0241,                0.01087,                0.00629,                0.51753,                 1.1074,               0.009472,               0.009472,               0.009472
                     10,                  1.045,                0.02473,                0.10243,                 0.6102,                  1.245,                0.98939,                      1,                0.99485,                0.67233,                0.98939,                      1,                0.99485,                0.99485,                 1.2578,                0.01212,                0.00768,                0.54088,                 1.2225,               0.009406,               0.009406,               0.009406
                     11,                0.99649,                0.02549,                0.09769,                0.56671,                 1.2129,                 0.9845,                      1,                 0.9893,                0.67638,                 0.9845,                      1,                 0.9893,                 0.9893,                 1.2131,                0.01311,                0.00119,                0.49149,                 1.1908,                0.00934,                0.00934,                0.00934
                     12,                0.99876,                 0.0231,                0.11231,                0.57074,                 1.2045,                0.98471,                      1,                0.99471,                0.67682,                0.98471,                      1,                0.99471,                0.99471,                  1.206,                0.01263,                0.01941,                0.49628,                 1.1884,               0.009274,               0.009274,               0.009274
                     13,                 1.0138,                0.02157,                0.07424,                0.57865,                 1.2101,                0.99382,                      1,                0.99427,                 0.6509,                0.99382,                      1,                0.99427,                0.99427,                 1.2966,                0.01472,                0.00063,                0.50538,                 1.2326,               0.009208,               0.009208,               0.009208
                     14,                0.98961,                0.02077,                  0.087,                0.55169,                 1.1864,                0.98448,                      1,                0.99329,                0.65103,                0.98448,                      1,                0.99329,                0.99329,                 1.2836,                0.01081,                0.00474,                0.49383,                 1.2377,               0.009142,               0.009142,               0.009142
                     15,                0.99833,                  0.019,                0.09957,                0.55543,                 1.2057,                0.98988,                      1,                0.99058,                0.66343,                0.98988,                      1,                0.99058,                0.99058,                 1.2147,                0.01281,                0.00182,                0.47717,                 1.2025,               0.009076,               0.009076,               0.009076
                     16,                0.97878,                0.01954,                0.08343,                0.54018,                 1.1902,                0.98004,                      1,                0.99475,                0.73307,                0.98004,                      1,                0.99475,                0.99475,                 1.0143,                0.01427,                0.00082,                0.45171,                  1.088,                0.00901,                0.00901,                0.00901
                     17,                0.95561,                0.01798,                0.08421,                0.52654,                 1.1738,                0.98485,                      1,                0.99461,                0.72101,                0.98485,                      1,                0.99461,                0.99461,                 1.0466,                0.01024,                0.00141,                0.44844,                 1.1165,               0.008944,               0.008944,               0.008944
                     18,                0.96293,                0.01691,                0.08969,                 0.5242,                 1.1814,                0.99216,                      1,                0.99374,                0.79725,                0.99216,                      1,                0.99374,                0.99374,                0.80476,                0.00881,                0.00316,                0.42271,                0.99896,               0.008878,               0.008878,               0.008878
                     19,                0.93225,                0.01885,                0.07459,                0.51172,                   1.15,                0.98544,                      1,                0.99085,                0.72785,                0.98544,                      1,                0.99085,                0.99085,                0.94144,                0.01675,                0.00297,                0.45066,                   1.05,               0.008812,               0.008812,               0.008812
                     20,                0.92884,                0.01637,                0.08384,                0.50119,                 1.1572,                0.98547,                      1,                0.99495,                0.71769,                0.98547,                      1,                0.99495,                0.99495,                 1.0339,                0.01354,                0.00124,                0.46809,                 1.0973,               0.008746,               0.008746,               0.008746
                     21,                0.90743,                0.01533,                0.08332,                0.49213,                  1.145,                0.99265,                      1,                0.99476,                0.74197,                0.99265,                      1,                0.99476,                0.99476,                 1.0098,                0.01305,                0.00084,                0.43533,                 1.0782,                0.00868,                0.00868,                0.00868
                     22,                0.91153,                0.01613,                0.05822,                0.50923,                 1.1427,                0.98985,                      1,                0.99485,                0.74071,                0.98985,                      1,                0.99485,                0.99485,                 0.9592,                0.01257,                0.00013,                  0.416,                  1.048,               0.008614,               0.008614,               0.008614
                     23,                0.87911,                 0.0139,                0.06147,                0.48331,                 1.1233,                0.99019,                      1,                  0.995,                0.76374,                0.99019,                      1,                  0.995,                  0.995,                0.91654,                0.00893,                0.00368,                0.44274,                 1.0352,               0.008548,               0.008548,               0.008548
                     24,                0.86797,                 0.0138,                0.09236,                0.47597,                 1.1245,                0.98854,                      1,                0.99442,                0.72471,                0.98854,                      1,                0.99442,                0.99442,                0.98653,                0.01324,                0.00155,                0.42621,                 1.0698,               0.008482,               0.008482,               0.008482
                     25,                0.89395,                0.01389,                0.08464,                0.48396,                 1.1294,                0.98553,                      1,                0.99441,                0.62238,                0.98553,                      1,                0.99441,                0.99441,                 1.3842,                0.01812,                0.00011,                0.50245,                 1.3408,               0.008416,               0.008416,               0.008416
                     26,                0.90259,                0.01765,                0.08199,                 0.4929,                 1.1324,                0.98541,                      1,                 0.9948,                0.71444,                0.98541,                      1,                 0.9948,                 0.9948,                 1.0202,                0.00944,                0.00105,                0.41845,                 1.0872,                0.00835,                0.00835,                0.00835
                     27,                0.85299,                0.01315,                0.07596,                0.46168,                 1.1068,                0.98804,                      1,                 0.9949,                0.69092,                0.98804,                      1,                 0.9949,                 0.9949,                 1.1113,                0.00869,                0.00126,                0.43854,                 1.1461,               0.008284,               0.008284,               0.008284
                     28,                 0.8615,                0.01494,                0.08743,                0.47593,                 1.1188,                0.98865,                      1,                 0.9949,                0.71279,                0.98865,                      1,                 0.9949,                 0.9949,                 1.0413,                0.01077,                0.00057,                0.42515,                 1.1042,               0.008218,               0.008218,               0.008218
                     29,                0.83888,                0.01346,                 0.0845,                0.46236,                 1.1022,                0.99381,                      1,                0.99481,                0.77622,                0.99381,                      1,                0.99481,                0.99481,                0.84605,                0.01229,                0.00097,                 0.3823,                 1.0018,               0.008152,               0.008152,               0.008152
                     30,                0.84284,                0.01544,                0.08734,                0.45399,                  1.106,                0.99429,                      1,                0.99437,                  0.725,                0.99429,                      1,                0.99437,                0.99437,                0.97548,                0.00947,                0.00097,                0.39501,                  1.078,               0.008086,               0.008086,               0.008086
                     31,                0.85296,                0.01437,                0.08561,                0.46216,                 1.1071,                0.99476,                      1,                 0.9949,                0.73083,                0.99476,                      1,                 0.9949,                 0.9949,                  0.973,                0.00973,                0.00024,                0.41525,                 1.0675,                0.00802,                0.00802,                0.00802
                     32,                0.83632,                0.01371,                0.06633,                0.46521,                  1.102,                0.99429,                      1,                  0.995,                 0.7667,                0.99429,                      1,                  0.995,                  0.995,                0.91388,                0.00969,                0.00094,                0.39364,                  1.042,               0.007954,               0.007954,               0.007954
                     33,                0.80195,                 0.0124,                0.08071,                0.43728,                 1.0853,                0.99479,                      1,                0.99495,                0.79099,                0.99479,                      1,                0.99495,                0.99495,                0.86118,                 0.0174,                0.00028,                0.37146,                 1.0131,               0.007888,               0.007888,               0.007888
                     34,                0.84402,                0.01242,                0.06477,                0.44845,                 1.1009,                0.99514,                0.99938,                0.99495,                0.76099,                0.99514,                0.99938,                0.99495,                0.99495,                0.88771,                0.00819,                 0.0094,                0.39269,                 1.0233,               0.007822,               0.007822,               0.007822
                     35,                0.82198,                0.01129,                0.08427,                0.44497,                 1.0857,                0.98779,                      1,                0.99413,                 0.8118,                0.98779,                      1,                0.99413,                0.99413,                0.73205,                0.00896,                0.00126,                0.34586,                0.95474,               0.007756,               0.007756,               0.007756
                     36,                0.80563,                0.01152,                0.06285,                0.43387,                 1.0821,                0.99452,                      1,                0.99121,                0.76064,                0.99452,                      1,                0.99121,                0.99121,                0.84925,                0.01038,                0.00034,                0.37353,                0.99979,                0.00769,                0.00769,                0.00769
                     37,                0.77567,                0.01176,                0.05247,                0.42616,                 1.0662,                0.99514,                0.99963,                0.99476,                0.78531,                0.99514,                0.99963,                0.99476,                0.99476,                0.86985,                0.00889,                0.00024,                0.35437,                 1.0014,               0.007624,               0.007624,               0.007624
                     38,                 0.7755,                0.01107,                  0.063,                0.42431,                 1.0618,                0.99514,                0.99961,                0.99437,                0.71039,                0.99514,                0.99961,                0.99437,                0.99437,                 1.0372,                0.00802,                0.00076,                0.38633,                 1.0903,               0.007558,               0.007558,               0.007558
                     39,                0.78521,                0.01075,                0.06674,                0.42595,                 1.0699,                0.99514,                0.99926,                0.99403,                0.74756,                0.99514,                0.99926,                0.99403,                0.99403,                 0.9441,                0.01315,                0.00038,                0.38456,                 1.0423,               0.007492,               0.007492,               0.007492
                     40,                0.76188,                0.01264,                 0.0641,                0.41974,                 1.0619,                0.99438,                      1,                0.99053,                0.77317,                0.99438,                      1,                0.99053,                0.99053,                 0.8548,                0.00833,                0.00103,                0.37236,                 1.0093,               0.007426,               0.007426,               0.007426
                     41,                0.77589,                0.01045,                0.06705,                0.42181,                 1.0732,                0.99403,                      1,                0.99141,                0.78871,                0.99403,                      1,                0.99141,                0.99141,                0.78614,                0.01208,                0.00043,                0.35968,                0.98166,                0.00736,                0.00736,                0.00736
                     42,                0.77945,                0.00988,                0.07176,                0.41564,                 1.0695,                  0.994,                      1,                0.99427,                0.81615,                  0.994,                      1,                0.99427,                0.99427,                0.74814,                0.00818,                0.00031,                0.35813,                0.95965,               0.007294,               0.007294,               0.007294
                     43,                0.77869,                0.01265,                0.06579,                0.41557,                  1.074,                0.99331,                      1,                0.99476,                0.79971,                0.99331,                      1,                0.99476,                0.99476,                0.82266,                0.00931,                0.00015,                 0.3624,                0.99597,               0.007228,               0.007228,               0.007228
                     44,                0.75077,                 0.0114,                0.08451,                0.41154,                 1.0547,                0.99514,                0.99957,                 0.9949,                0.78942,                0.99514,                0.99957,                 0.9949,                 0.9949,                0.81939,                0.00957,                  0.007,                0.34821,                 1.0003,               0.007162,               0.007162,               0.007162
                     45,                0.73756,                0.01058,                0.06534,                 0.4044,                 1.0436,                0.99514,                0.99882,                 0.9949,                0.81222,                0.99514,                0.99882,                 0.9949,                 0.9949,                0.74184,                0.00794,                0.00046,                0.33332,                0.95187,               0.007096,               0.007096,               0.007096
                     46,                0.74907,                0.01023,                0.07433,                0.41514,                 1.0445,                0.99514,                0.99933,                 0.9933,                0.81266,                0.99514,                0.99933,                 0.9933,                 0.9933,                0.74752,                 0.0101,                  7e-05,                0.32861,                0.95475,                0.00703,                0.00703,                0.00703
                     47,                0.73225,                0.00998,                0.05721,                0.39937,                 1.0507,                0.99514,                0.99962,                0.99233,                0.81601,                0.99514,                0.99962,                0.99233,                0.99233,                0.69886,                 0.0081,                0.00223,                0.35363,                0.93739,               0.006964,               0.006964,               0.006964
                     48,                0.73778,                0.01098,                  0.056,                0.39796,                 1.0375,                0.99506,                      1,                0.99471,                0.76846,                0.99506,                      1,                0.99471,                0.99471,                0.84155,                0.00905,                0.00034,                 0.3376,                 1.0007,               0.006898,               0.006898,               0.006898
                     49,                0.75229,                0.01015,                0.06207,                0.40359,                 1.0575,                0.99389,                      1,                0.99286,                0.77898,                0.99389,                      1,                0.99286,                0.99286,                0.81734,                 0.0089,                0.00024,                0.33546,                0.99002,               0.006832,               0.006832,               0.006832
                     50,                0.74265,                0.01082,                0.06707,                0.40586,                 1.0454,                0.98519,                      1,                0.99083,                0.80398,                0.98519,                      1,                0.99083,                0.99083,                0.74917,                0.00929,                0.00202,                0.35633,                0.95398,               0.006766,               0.006766,               0.006766
                     51,                 0.7375,                0.00973,                 0.0598,                0.39786,                 1.0406,                0.98498,                      1,                  0.995,                0.80764,                0.98498,                      1,                  0.995,                  0.995,                0.71923,                0.00744,                0.00022,                0.33246,                0.94071,                 0.0067,                 0.0067,                 0.0067
                     52,                0.71191,                0.00959,                0.06943,                0.38558,                 1.0282,                0.99461,                0.99512,                0.99456,                0.80987,                0.99461,                0.99512,                0.99456,                0.99456,                 0.7534,                0.00755,                  3e-05,                0.31947,                0.95698,               0.006634,               0.006634,               0.006634
                     53,                0.73171,                 0.0089,                0.06461,                0.39173,                 1.0446,                0.98484,                      1,                0.99422,                0.83199,                0.98484,                      1,                0.99422,                0.99422,                0.66685,                0.00826,                  9e-05,                0.32117,                0.91677,               0.006568,               0.006568,               0.006568
                     54,                0.69832,                0.00969,                0.04945,                0.36802,                 1.0263,                0.99387,                      1,                0.99471,                0.84249,                0.99387,                      1,                0.99471,                0.99471,                0.63674,                0.00732,                0.00015,                0.31141,                0.91301,               0.006502,               0.006502,               0.006502
                     55,                0.72233,                0.00893,                0.06734,                 0.3818,                 1.0249,                0.99174,                      1,                0.99272,                 0.8283,                0.99174,                      1,                0.99272,                0.99272,                0.66286,                0.00915,                0.00101,                0.30793,                0.91727,               0.006436,               0.006436,               0.006436
                     56,                0.69881,                0.00884,                0.05705,                0.36818,                 1.0155,                0.99397,                0.99512,                 0.9949,                0.79536,                0.99397,                0.99512,                 0.9949,                 0.9949,                0.81892,                0.01397,                0.00024,                0.33183,                0.98597,                0.00637,                0.00637,                0.00637
                     57,                 0.7188,                0.00943,                0.06317,                0.37588,                 1.0363,                0.99468,                0.99512,                0.99466,                0.82546,                0.99468,                0.99512,                0.99466,                0.99466,                0.68004,                0.00866,                0.00015,                0.31182,                0.93664,               0.006304,               0.006304,               0.006304
                     58,                0.71513,                0.00923,                0.06268,                0.37658,                 1.0295,                0.99514,                0.99944,                0.99442,                0.84985,                0.99514,                0.99944,                0.99442,                0.99442,                0.63693,                 0.0092,                0.00566,                0.31234,                0.90476,               0.006238,               0.006238,               0.006238
                     59,                0.70363,                0.00993,                0.06854,                0.37321,                 1.0188,                0.99445,                0.99512,                0.99495,                0.84269,                0.99445,                0.99512,                0.99495,                0.99495,                0.66972,                0.00829,                0.00032,                0.29641,                0.91196,               0.006172,               0.006172,               0.006172
                     60,                0.70109,                0.01062,                0.05937,                0.37103,                 1.0252,                0.99514,                0.99966,                0.99495,                0.81338,                0.99514,                0.99966,                0.99495,                0.99495,                0.74422,                0.01135,                0.00057,                0.31279,                0.94674,               0.006106,               0.006106,               0.006106
                     61,                0.70112,                0.00967,                0.05782,                0.37195,                 1.0115,                0.99514,                0.99973,                0.99495,                0.82707,                0.99514,                0.99973,                0.99495,                0.99495,                0.68639,                0.00735,                0.00243,                0.29698,                0.92821,                0.00604,                0.00604,                0.00604
                     62,                0.67924,                0.00819,                0.05301,                0.35818,                 1.0095,                0.99446,                0.99512,                  0.995,                0.82922,                0.99446,                0.99512,                  0.995,                  0.995,                0.69815,                0.00984,                0.00038,                0.30299,                0.93463,               0.005974,               0.005974,               0.005974
                     63,                0.67508,                0.00822,                0.06444,                0.35572,                 1.0007,                0.99514,                0.99936,                  0.995,                 0.8377,                0.99514,                0.99936,                  0.995,                  0.995,                0.67137,                 0.0074,                0.00059,                0.30477,                 0.9193,               0.005908,               0.005908,               0.005908
                     64,                0.69912,                0.00873,                0.04371,                0.36891,                  1.019,                0.99467,                      1,                0.99481,                0.85976,                0.99467,                      1,                0.99481,                0.99481,                0.60258,                0.00883,                0.00037,                0.30286,                0.89516,               0.005842,               0.005842,               0.005842
                     65,                0.67837,                0.00939,                0.04426,                0.35402,                 1.0103,                0.99514,                0.99952,                0.99495,                0.83629,                0.99514,                0.99952,                0.99495,                0.99495,                0.67115,                0.00809,                0.00017,                0.28947,                0.91584,               0.005776,               0.005776,               0.005776
                     66,                  0.677,                0.00857,                0.05861,                0.36559,                  1.011,                0.99023,                      1,                  0.995,                0.84544,                0.99023,                      1,                  0.995,                  0.995,                0.64114,                0.00965,                0.00086,                0.29231,                0.90348,                0.00571,                0.00571,                0.00571
                     67,                0.67156,                0.00949,                0.06625,                0.36616,                  1.006,                0.99512,                      1,                0.99447,                0.83414,                0.99512,                      1,                0.99447,                0.99447,                0.68407,                0.00893,                0.00113,                0.30422,                0.92583,               0.005644,               0.005644,               0.005644
                     68,                0.67542,                0.00989,                0.07458,                0.36521,                 1.0088,                0.99501,                      1,                  0.995,                0.83954,                0.99501,                      1,                  0.995,                  0.995,                0.67506,                0.00888,                  6e-05,                0.29494,                 0.9128,               0.005578,               0.005578,               0.005578
                     69,                0.67268,                0.00943,                0.06018,                0.36425,                 1.0034,                0.99372,                0.99512,                0.99378,                0.81887,                0.99372,                0.99512,                0.99378,                0.99378,                0.70241,                 0.0075,                0.00027,                0.30783,                 0.9376,               0.005512,               0.005512,               0.005512
                     70,                 0.6684,                0.00833,                0.04368,                0.34697,                0.99795,                0.99463,                      1,                0.99485,                 0.8432,                0.99463,                      1,                0.99485,                0.99485,                0.66974,                0.00766,                  7e-05,                  0.285,                0.91356,               0.005446,               0.005446,               0.005446
                     71,                0.68068,                0.00828,                0.05744,                0.35281,                 1.0024,                0.99515,                0.99997,                0.99311,                0.81174,                0.99515,                0.99997,                0.99311,                0.99311,                0.73464,                0.00742,                  5e-05,                0.30182,                 0.9447,                0.00538,                0.00538,                0.00538
                     72,                0.67155,                0.00786,                0.06276,                0.34891,                  1.001,                0.99514,                0.99972,                0.99495,                0.79724,                0.99514,                0.99972,                0.99495,                0.99495,                0.78168,                0.00707,                0.00015,                 0.3124,                0.96286,               0.005314,               0.005314,               0.005314
                     73,                0.67062,                0.00935,                0.05808,                0.34832,                0.99688,                0.99514,                0.99964,                0.99495,                0.78868,                0.99514,                0.99964,                0.99495,                0.99495,                0.80396,                0.00829,                  4e-05,                0.31279,                0.97155,               0.005248,               0.005248,               0.005248
                     74,                 0.6903,                0.00881,                0.05612,                0.35544,                 1.0169,                0.99433,                0.99512,                 0.9949,                0.81976,                0.99433,                0.99512,                 0.9949,                 0.9949,                0.70811,                 0.0085,                0.00082,                0.30565,                 0.9285,               0.005182,               0.005182,               0.005182
                     75,                0.66844,                0.00796,                0.05823,                0.34812,                0.99529,                 0.9946,                0.99512,                 0.9948,                0.83842,                 0.9946,                0.99512,                 0.9948,                 0.9948,                0.66818,                 0.0077,                0.00113,                0.28751,                0.91191,               0.005116,               0.005116,               0.005116
                     76,                0.64523,                0.00803,                0.05639,                0.33071,                0.98655,                0.99514,                0.99922,                0.99495,                 0.8709,                0.99514,                0.99922,                0.99495,                0.99495,                0.56702,                0.00794,                0.00012,                 0.2629,                0.87766,                0.00505,                0.00505,                0.00505
                     77,                0.63346,                0.00839,                0.05888,                0.33224,                0.97742,                0.99514,                0.99972,                 0.9949,                0.85701,                0.99514,                0.99972,                 0.9949,                 0.9949,                0.61326,                0.01049,                0.00018,                0.27507,                0.88796,               0.004984,               0.004984,               0.004984
                     78,                0.65258,                0.00744,                0.05367,                 0.3428,                0.99779,                0.99451,                0.99512,                  0.995,                0.85113,                0.99451,                0.99512,                  0.995,                  0.995,                0.64021,                0.00798,                0.00012,                0.27816,                0.90592,               0.004918,               0.004918,               0.004918
                     79,                 0.6291,                 0.0069,                0.05312,                0.32956,                0.98035,                0.99476,                      1,                0.99495,                0.83619,                0.99476,                      1,                0.99495,                0.99495,                0.69057,                0.00992,                0.00035,                0.28582,                0.92923,               0.004852,               0.004852,               0.004852
                     80,                0.64695,                0.00819,                0.05524,                0.34284,                0.99343,                0.99511,                 0.9924,                  0.995,                0.84685,                0.99511,                 0.9924,                  0.995,                  0.995,                0.62406,                0.00907,                  8e-05,                0.28207,                0.90263,               0.004786,               0.004786,               0.004786
                     81,                0.65254,                0.00745,                0.05877,                 0.3381,                0.99138,                0.99484,                      1,                0.99495,                0.84756,                0.99484,                      1,                0.99495,                0.99495,                0.63661,                0.00707,                0.00042,                0.27887,                0.90193,                0.00472,                0.00472,                0.00472
                     82,                0.64395,                0.00791,                 0.0609,                0.34125,                0.98881,                0.99505,                      1,                0.99442,                0.85134,                0.99505,                      1,                0.99442,                0.99442,                0.61964,                0.00695,                0.00023,                0.28264,                0.89802,               0.004654,               0.004654,               0.004654
                     83,                0.62406,                0.00762,                0.04981,                0.32802,                0.98058,                0.99515,                 0.9999,                0.99495,                0.83949,                0.99515,                 0.9999,                0.99495,                0.99495,                0.62778,                0.00861,                0.00044,                0.26903,                0.89896,               0.004588,               0.004588,               0.004588
                     84,                 0.6376,                 0.0071,                0.05601,                0.33307,                0.98301,                0.99514,                0.99948,                  0.995,                0.81326,                0.99514,                0.99948,                  0.995,                  0.995,                  0.732,                0.00713,                  4e-05,                0.29357,                0.93928,               0.004522,               0.004522,               0.004522
                     85,                 0.6257,                0.00631,                0.05766,                0.32532,                0.98204,                0.99342,                0.99512,                0.99495,                0.84619,                0.99342,                0.99512,                0.99495,                0.99495,                0.63285,                0.00842,                  7e-05,                0.27413,                0.90032,               0.004456,               0.004456,               0.004456
                     86,                 0.6299,                0.00755,                0.06257,                0.33163,                0.98391,                0.99321,                0.99512,                  0.995,                0.84021,                0.99321,                0.99512,                  0.995,                  0.995,                0.64648,                0.00882,                  7e-05,                0.27751,                0.90434,                0.00439,                0.00439,                0.00439
                     87,                0.63147,                0.00721,                0.04068,                0.33466,                0.97601,                0.99514,                0.99973,                0.99408,                0.86219,                0.99514,                0.99973,                0.99408,                0.99408,                0.58261,                0.00793,                0.00022,                0.26737,                0.88157,               0.004324,               0.004324,               0.004324
                     88,                0.63718,                 0.0067,                0.05062,                0.33138,                0.97777,                0.99514,                0.99951,                0.99476,                0.83908,                0.99514,                0.99951,                0.99476,                0.99476,                  0.643,                 0.0094,                0.00016,                0.27616,                0.90768,               0.004258,               0.004258,               0.004258
                     89,                0.64392,                0.00702,                0.05169,                0.33334,                0.98756,                0.99034,                0.99997,                0.99451,                  0.827,                0.99034,                0.99997,                0.99451,                0.99451,                0.71594,                0.00903,                0.00014,                0.27602,                0.93007,               0.004192,               0.004192,               0.004192
                     90,                0.62292,                0.00733,                0.05172,                0.32914,                0.97724,                0.99028,                      1,                  0.995,                0.83585,                0.99028,                      1,                  0.995,                  0.995,                0.68513,                0.00721,                 0.0006,                0.27719,                0.91762,               0.004126,               0.004126,               0.004126
                     91,                0.63151,                0.00844,                0.05136,                0.33149,                0.98115,                0.99514,                 0.9996,                 0.9949,                0.84271,                0.99514,                 0.9996,                 0.9949,                 0.9949,                0.64057,                0.00761,                0.00082,                0.26443,                0.90096,                0.00406,                0.00406,                0.00406
                     92,                0.61487,                0.00793,                  0.057,                0.31503,                0.97474,                0.99458,                0.99512,                 0.9949,                0.84104,                0.99458,                0.99512,                 0.9949,                 0.9949,                0.64499,                 0.0088,                  8e-05,                0.26719,                0.90963,               0.003994,               0.003994,               0.003994
                     93,                0.61198,                0.00678,                0.05729,                   0.32,                0.97249,                0.99514,                0.99961,                0.99495,                0.84831,                0.99514,                0.99961,                0.99495,                0.99495,                0.64872,                0.00741,                0.00037,                0.26371,                0.91583,               0.003928,               0.003928,               0.003928
                     94,                0.62512,                0.00672,                0.04878,                0.31838,                 0.9834,                0.99514,                 0.9996,                0.99495,                0.84479,                0.99514,                 0.9996,                0.99495,                0.99495,                0.65108,                0.00729,                  7e-05,                0.27407,                0.90613,               0.003862,               0.003862,               0.003862
                     95,                0.62142,                0.00633,                0.03479,                0.31106,                0.98362,                0.99421,                0.99512,                  0.995,                0.85998,                0.99421,                0.99512,                  0.995,                  0.995,                0.60316,                0.00769,                 0.0001,                 0.2599,                0.88447,               0.003796,               0.003796,               0.003796
                     96,                0.61162,                0.00815,                0.04274,                0.32031,                0.97697,                0.99514,                0.99962,                  0.995,                0.83058,                0.99514,                0.99962,                  0.995,                  0.995,                0.67628,                0.00855,                0.00019,                0.27594,                 0.9158,                0.00373,                0.00373,                0.00373
                     97,                0.59706,                0.00668,                0.04371,                0.30591,                0.96551,                 0.9946,                0.99512,                0.99485,                0.84672,                 0.9946,                0.99512,                0.99485,                0.99485,                0.64874,                0.00647,                0.00012,                0.26072,                 0.9032,               0.003664,               0.003664,               0.003664
                     98,                0.62252,                0.00643,                0.05294,                0.31818,                0.97608,                0.99514,                0.99971,                 0.9949,                0.87034,                0.99514,                0.99971,                 0.9949,                 0.9949,                0.59843,                0.00663,                 0.0004,                0.26445,                0.88787,               0.003598,               0.003598,               0.003598
                     99,                0.60766,                0.00734,                 0.0514,                0.31371,                0.96897,                0.99514,                0.99965,                 0.9949,                 0.8378,                0.99514,                0.99965,                 0.9949,                 0.9949,                0.69227,                0.00647,                  5e-05,                0.26775,                0.92304,               0.003532,               0.003532,               0.003532
                    100,                0.60659,                0.00702,                0.05396,                0.31582,                0.96982,                0.99476,                0.99512,                0.99476,                0.85591,                0.99476,                0.99512,                0.99476,                0.99476,                0.59721,                 0.0067,                0.00012,                0.25978,                0.88372,               0.003466,               0.003466,               0.003466
                    101,                0.61907,                0.00673,                0.05244,                 0.3214,                0.98926,                0.99514,                0.99972,                0.99495,                0.85602,                0.99514,                0.99972,                0.99495,                0.99495,                0.62787,                0.00702,                  3e-05,                0.25093,                0.89232,                 0.0034,                 0.0034,                 0.0034
                    102,                0.58873,                 0.0069,                0.03716,                0.30667,                0.95438,                0.99514,                0.99971,                 0.9949,                0.83193,                0.99514,                0.99971,                 0.9949,                 0.9949,                0.68906,                 0.0077,                  3e-05,                0.27079,                0.91727,               0.003334,               0.003334,               0.003334
                    103,                0.58715,                0.00598,                0.03836,                0.30377,                0.95142,                0.99477,                0.99512,                0.99495,                0.86064,                0.99477,                0.99512,                0.99495,                0.99495,                0.61452,                0.00633,                  3e-05,                0.25195,                0.89392,               0.003268,               0.003268,               0.003268
                    104,                0.59739,                0.00634,                0.03529,                0.31098,                0.96353,                0.99514,                 0.9996,                0.99495,                0.84012,                0.99514,                 0.9996,                0.99495,                0.99495,                0.65668,                  0.009,                  1e-05,                0.27131,                0.90792,               0.003202,               0.003202,               0.003202
                    105,                0.58048,                0.00668,                0.04074,                0.30003,                0.95576,                0.99476,                0.99512,                  0.995,                0.83506,                0.99476,                0.99512,                  0.995,                  0.995,                0.65469,                0.00675,                  3e-05,                0.26668,                0.90339,               0.003136,               0.003136,               0.003136
                    106,                0.59443,                0.00617,                0.05103,                0.30515,                0.96281,                0.99514,                0.99968,                0.99495,                0.86274,                0.99514,                0.99968,                0.99495,                0.99495,                0.57665,                0.00683,                  5e-05,                0.24709,                0.87689,                0.00307,                0.00307,                0.00307
                    107,                0.59095,                0.00577,                0.04219,                0.29864,                0.96937,                0.99458,                0.99512,                  0.995,                 0.8571,                0.99458,                0.99512,                  0.995,                  0.995,                  0.611,                0.00714,                0.00013,                0.25325,                0.88738,               0.003004,               0.003004,               0.003004
                    108,                0.58076,                 0.0065,                0.05223,                0.29405,                0.95818,                0.99033,                 0.9995,                 0.9949,                0.84925,                0.99033,                 0.9995,                 0.9949,                 0.9949,                0.62801,                0.00697,                0.00015,                0.25852,                0.90056,               0.002938,               0.002938,               0.002938
                    109,                0.59097,                0.00603,                0.04261,                0.30427,                0.96184,                0.99515,                0.99996,                  0.995,                0.85947,                0.99515,                0.99996,                  0.995,                  0.995,                0.59937,                0.00721,                0.00025,                0.24573,                0.88825,               0.002872,               0.002872,               0.002872
                    110,                0.58229,                0.00634,                0.04155,                0.30008,                0.96215,                0.99514,                0.99967,                0.99495,                0.86514,                0.99514,                0.99967,                0.99495,                0.99495,                0.59176,                0.00741,                 0.0001,                0.25748,                0.88485,               0.002806,               0.002806,               0.002806
                    111,                0.58609,                0.00634,                0.06026,                0.29915,                0.96817,                0.99514,                 0.9996,                 0.9949,                0.86281,                0.99514,                 0.9996,                 0.9949,                 0.9949,                0.59253,                0.00839,                  9e-05,                0.24652,                0.88405,                0.00274,                0.00274,                0.00274
                    112,                0.58061,                0.00667,                0.05934,                0.30438,                0.96612,                0.99514,                0.99965,                0.99485,                0.87027,                0.99514,                0.99965,                0.99485,                0.99485,                0.55088,                0.00791,                  9e-05,                0.23565,                0.86532,               0.002674,               0.002674,               0.002674
                    113,                0.58151,                0.00642,                0.04528,                0.29364,                0.95313,                0.99514,                0.99958,                 0.9949,                0.85286,                0.99514,                0.99958,                 0.9949,                 0.9949,                0.60654,                0.00736,                0.00011,                0.24846,                0.88863,               0.002608,               0.002608,               0.002608
                    114,                0.57226,                0.00589,                0.04197,                0.29357,                0.95521,                0.99514,                0.99981,                0.99476,                0.86977,                0.99514,                0.99981,                0.99476,                0.99476,                0.59889,                0.00728,                0.00011,                0.24617,                0.88431,               0.002542,               0.002542,               0.002542
                    115,                0.57487,                0.00565,                 0.0429,                0.29217,                0.95634,                0.99475,                0.99512,                0.99495,                0.86997,                0.99475,                0.99512,                0.99495,                0.99495,                0.57533,                0.00652,                  9e-05,                0.24512,                0.87958,               0.002476,               0.002476,               0.002476
                    116,                0.57502,                0.00568,                0.04753,                0.29083,                 0.9505,                0.99475,                0.99512,                0.99495,                0.85728,                0.99475,                0.99512,                0.99495,                0.99495,                0.61245,                0.00694,                0.00015,                0.24706,                0.88652,                0.00241,                0.00241,                0.00241
                    117,                0.58323,                0.00575,                0.04102,                0.29723,                0.95857,                0.99476,                0.99512,                0.99495,                0.84676,                0.99476,                0.99512,                0.99495,                0.99495,                0.63142,                0.00843,                 0.0001,                  0.253,                 0.8903,               0.002344,               0.002344,               0.002344
                    118,                0.57503,                 0.0061,                0.04462,                0.29435,                 0.9566,                0.99464,                0.99512,                0.99495,                0.84806,                0.99464,                0.99512,                0.99495,                0.99495,                 0.6231,                0.00833,                 0.0002,                0.25139,                0.88807,               0.002278,               0.002278,               0.002278
                    119,                0.55755,                 0.0058,                0.03722,                 0.2812,                0.94479,                0.99479,                0.99512,                  0.995,                0.85569,                0.99479,                0.99512,                  0.995,                  0.995,                0.61705,                0.00661,                0.00026,                 0.2557,                0.88874,               0.002212,               0.002212,               0.002212
                    120,                0.57815,                0.00591,                0.03819,                0.29203,                0.94786,                0.99514,                0.99964,                0.99495,                0.86272,                0.99514,                0.99964,                0.99495,                0.99495,                0.58421,                0.00685,                  4e-05,                0.24112,                0.88203,               0.002146,               0.002146,               0.002146
                    121,                0.56285,                0.00582,                0.04429,                0.28389,                0.94602,                0.99514,                0.99963,                 0.9949,                0.86077,                0.99514,                0.99963,                 0.9949,                 0.9949,                0.59552,                0.00727,                  6e-05,                0.24927,                0.88045,                0.00208,                0.00208,                0.00208
                    122,                0.55887,                0.00576,                0.04521,                0.28504,                 0.9427,                0.99482,                0.99512,                 0.9948,                0.86207,                0.99482,                0.99512,                 0.9948,                 0.9948,                0.59378,                0.00756,                0.00025,                0.24388,                0.87791,               0.002014,               0.002014,               0.002014
                    123,                0.57461,                0.00555,                 0.0534,                0.28828,                0.95439,                0.99514,                0.99967,                0.99471,                0.84878,                0.99514,                0.99967,                0.99471,                0.99471,                0.62581,                0.00834,                0.00021,                 0.2457,                0.89068,               0.001948,               0.001948,               0.001948
                    124,                0.56827,                0.00571,                0.04569,                0.28427,                0.95448,                0.99482,                0.99512,                0.99495,                 0.8502,                0.99482,                0.99512,                0.99495,                0.99495,                 0.6246,                0.00745,                0.00034,                0.24157,                0.89031,               0.001882,               0.001882,               0.001882
                    125,                0.54478,                0.00481,                0.04348,                0.27011,                0.93415,                0.99514,                0.99966,                0.99495,                 0.8593,                0.99514,                0.99966,                0.99495,                0.99495,                0.59666,                0.00743,                0.00033,                0.24001,                0.87756,               0.001816,               0.001816,               0.001816
                    126,                0.54824,                 0.0054,                0.04433,                0.26975,                0.94421,                0.99483,                0.99512,                0.99495,                0.87309,                0.99483,                0.99512,                0.99495,                0.99495,                0.57294,                0.00721,                0.00046,                0.23655,                0.87442,                0.00175,                0.00175,                0.00175
                    127,                0.55391,                0.00614,                0.04979,                0.28091,                0.94545,                0.99468,                0.99512,                0.99495,                 0.8693,                0.99468,                0.99512,                0.99495,                0.99495,                0.56744,                0.00698,                0.00027,                0.23173,                0.87155,               0.001684,               0.001684,               0.001684
                    128,                0.54764,                0.00551,                0.03444,                 0.2733,                0.94175,                0.99485,                0.99512,                0.99495,                0.87603,                0.99485,                0.99512,                0.99495,                0.99495,                  0.548,                0.00658,                0.00029,                0.23307,                0.86508,               0.001618,               0.001618,               0.001618
                    129,                0.53691,                0.00522,                 0.0281,                0.27499,                0.93645,                 0.9948,                0.99512,                0.99495,                0.84827,                 0.9948,                0.99512,                0.99495,                0.99495,                0.63186,                0.00692,                0.00097,                0.24704,                0.89415,               0.001552,               0.001552,               0.001552
                    130,                 0.5521,                0.00665,                0.04604,                 0.2804,                0.94621,                0.99474,                0.99512,                0.99485,                 0.8537,                0.99474,                0.99512,                0.99485,                0.99485,                0.62178,                0.00694,                0.00033,                0.23832,                0.89121,               0.001486,               0.001486,               0.001486
                    131,                0.54222,                0.00483,                0.03183,                0.26802,                0.93534,                 0.9947,                0.99512,                  0.995,                0.86979,                 0.9947,                0.99512,                  0.995,                  0.995,                0.56274,                0.00699,                0.00016,                0.23193,                0.86937,                0.00142,                0.00142,                0.00142
                    132,                0.54124,                0.00586,                0.03934,                0.27007,                0.93896,                0.99464,                0.99512,                0.99495,                0.85575,                0.99464,                0.99512,                0.99495,                0.99495,                0.57583,                0.00718,                  4e-05,                0.23101,                0.87375,               0.001354,               0.001354,               0.001354
                    133,                0.53719,                0.00507,                0.02992,                0.26598,                0.94027,                 0.9948,                0.99512,                0.99495,                0.86088,                 0.9948,                0.99512,                0.99495,                0.99495,                0.58528,                0.00698,                  6e-05,                0.23516,                0.87642,               0.001288,               0.001288,               0.001288
                    134,                0.54355,                0.00571,                0.03047,                0.27301,                0.94325,                0.99478,                0.99512,                0.99495,                0.86811,                0.99478,                0.99512,                0.99495,                0.99495,                0.56564,                0.00746,                  7e-05,                 0.2311,                0.87224,               0.001222,               0.001222,               0.001222
                    135,                0.53359,                0.00467,                0.03717,                0.26555,                0.93984,                 0.9948,                0.99512,                0.99495,                0.86724,                 0.9948,                0.99512,                0.99495,                0.99495,                0.57426,                0.00755,                  5e-05,                0.22811,                0.87518,               0.001156,               0.001156,               0.001156
                    136,                0.54074,                0.00551,                0.04074,                0.27008,                0.93602,                0.99484,                0.99512,                0.99495,                0.87914,                0.99484,                0.99512,                0.99495,                0.99495,                  0.548,                0.00697,                  5e-05,                0.22441,                0.86433,                0.00109,                0.00109,                0.00109
                    137,                0.52659,                 0.0051,                0.03034,                0.26326,                0.92183,                0.99484,                0.99512,                 0.9949,                0.86828,                0.99484,                0.99512,                 0.9949,                 0.9949,                 0.5659,                0.00676,                  7e-05,                 0.2292,                0.87282,               0.001024,               0.001024,               0.001024
                    138,                0.53186,                0.00536,                 0.0387,                0.26082,                 0.9357,                0.99484,                0.99512,                0.99495,                 0.8715,                0.99484,                0.99512,                0.99495,                0.99495,                0.56435,                0.00694,                0.00015,                0.22796,                0.87033,               0.000958,               0.000958,               0.000958
                    139,                0.52902,                0.00495,                0.04625,                0.26075,                0.92784,                0.99482,                0.99512,                0.99485,                 0.8739,                0.99482,                0.99512,                0.99485,                0.99485,                0.56326,                  0.007,                0.00017,                0.22359,                0.87069,               0.000892,               0.000892,               0.000892
                    140,                0.51894,                0.00475,                0.02699,                0.25946,                0.93131,                0.99481,                0.99512,                0.99495,                0.87418,                0.99481,                0.99512,                0.99495,                0.99495,                0.54953,                0.00701,                  8e-05,                0.22519,                0.86821,               0.000826,               0.000826,               0.000826
                    141,                0.43765,                0.00282,                0.00012,                 0.2042,                0.88784,                 0.9948,                0.99512,                0.99495,                0.88065,                 0.9948,                0.99512,                0.99495,                0.99495,                0.53242,                0.00711,                  7e-05,                0.22276,                0.86238,                0.00076,                0.00076,                0.00076
                    142,                0.43493,                0.00266,                  1e-05,                0.20026,                0.87649,                0.99483,                0.99512,                 0.9949,                0.87921,                0.99483,                0.99512,                 0.9949,                 0.9949,                0.55079,                0.00668,                  8e-05,                0.22396,                0.86835,               0.000694,               0.000694,               0.000694
                    143,                0.43476,                0.00285,                0.00011,                 0.2006,                0.88319,                0.99485,                0.99512,                0.99495,                 0.8801,                0.99485,                0.99512,                0.99495,                0.99495,                 0.5424,                0.00725,                  8e-05,                0.22765,                0.86392,               0.000628,               0.000628,               0.000628
                    144,                0.43055,                0.00273,                 0.0001,                0.19601,                0.87097,                0.99484,                0.99512,                0.99495,                0.87782,                0.99484,                0.99512,                0.99495,                0.99495,                0.55729,                0.00696,                  7e-05,                0.22328,                0.86662,               0.000562,               0.000562,               0.000562
                    145,                0.42763,                0.00274,                 0.0006,                0.19851,                0.88444,                0.99485,                0.99512,                0.99495,                0.87675,                0.99485,                0.99512,                0.99495,                0.99495,                0.56402,                0.00699,                  9e-05,                0.22125,                0.86884,               0.000496,               0.000496,               0.000496
                    146,                0.42787,                0.00267,                  2e-05,                0.19506,                0.88091,                0.99485,                0.99512,                0.99495,                0.88375,                0.99485,                0.99512,                0.99495,                0.99495,                0.55421,                0.00728,                  8e-05,                0.22201,                0.86605,                0.00043,                0.00043,                0.00043
                    147,                0.42348,                0.00269,                0.00072,                0.19533,                0.87462,                0.99486,                0.99512,                0.99495,                0.88651,                0.99486,                0.99512,                0.99495,                0.99495,                0.54815,                0.00689,                  7e-05,                0.22181,                 0.8662,               0.000364,               0.000364,               0.000364
                    148,                0.41664,                0.00264,                  9e-05,                 0.1926,                0.87885,                0.99485,                0.99512,                0.99495,                0.88643,                0.99485,                0.99512,                0.99495,                0.99495,                0.54882,                0.00717,                  6e-05,                0.21968,                0.86613,               0.000298,               0.000298,               0.000298
                    149,                0.42302,                 0.0027,                  6e-05,                0.19259,                0.87877,                0.99485,                0.99512,                0.99495,                0.87863,                0.99485,                0.99512,                0.99495,                0.99495,                0.57552,                0.00683,                  6e-05,                0.22352,                0.87395,               0.000232,               0.000232,               0.000232
                    150,                0.41773,                0.00257,                  1e-05,                0.19113,                0.87296,                0.99486,                0.99512,                0.99495,                0.87782,                0.99486,                0.99512,                0.99495,                0.99495,                0.56006,                0.00724,                  8e-05,                0.21792,                0.86859,               0.000166,               0.000166,               0.000166
